<?xml version="1.0" encoding="UTF-8"?>
<project-private xmlns="http://www.netbeans.org/ns/project-private/1">
    <editor-bookmarks xmlns="http://www.netbeans.org/ns/editor-bookmarks/2" lastBookmarkId="0"/>
    <open-files xmlns="http://www.netbeans.org/ns/projectui-open-files/2">
        <group>
            <file>file:/C:/Users/samar/OneDrive/Documents/NetBeansProjects/attendace%20system/src/main/attendance_fill_manually.java</file>
            <file>file:/C:/Users/samar/OneDrive/Documents/NetBeansProjects/attendace%20system/src/attendance_system/login.java</file>
            <file>file:/C:/Users/samar/OneDrive/Documents/NetBeansProjects/attendace%20system/src/main/add_faculty.java</file>
            <file>file:/C:/Users/samar/OneDrive/Documents/NetBeansProjects/attendace%20system/src/main/mark_attendance.java</file>
        </group>
    </open-files>
</project-private>
